--------------------------------------------------------
--  File created - «·À·«À«¡-œÌ”„»—-13-2016   
--------------------------------------------------------
--------------------------------------------------------
--  DDL for Sequence BOOK_ID
--------------------------------------------------------

   CREATE SEQUENCE  "D_PROJECT"."BOOK_ID"  MINVALUE 1 MAXVALUE 9999999999999999999999999999 INCREMENT BY 1 START WITH 140020 CACHE 20 NOORDER  NOCYCLE ;
--------------------------------------------------------
--  DDL for Sequence BORROW_ID
--------------------------------------------------------

   CREATE SEQUENCE  "D_PROJECT"."BORROW_ID"  MINVALUE 1 MAXVALUE 9999999999999999999999999999 INCREMENT BY 1 START WITH 150020 CACHE 20 NOORDER  NOCYCLE ;
--------------------------------------------------------
--  DDL for Sequence EMP_ID
--------------------------------------------------------

   CREATE SEQUENCE  "D_PROJECT"."EMP_ID"  MINVALUE 1 MAXVALUE 9999999999999999999999999999 INCREMENT BY 1 START WITH 100020 CACHE 20 NOORDER  NOCYCLE ;
--------------------------------------------------------
--  DDL for Sequence MEM_ID
--------------------------------------------------------

   CREATE SEQUENCE  "D_PROJECT"."MEM_ID"  MINVALUE 1 MAXVALUE 9999999999999999999999999999 INCREMENT BY 1 START WITH 110020 CACHE 20 NOORDER  NOCYCLE ;
--------------------------------------------------------
--  DDL for Sequence PUB_ID
--------------------------------------------------------

   CREATE SEQUENCE  "D_PROJECT"."PUB_ID"  MINVALUE 1 MAXVALUE 9999999999999999999999999999 INCREMENT BY 1 START WITH 120020 CACHE 20 NOORDER  NOCYCLE ;
--------------------------------------------------------
--  DDL for Sequence SEC_ID
--------------------------------------------------------

   CREATE SEQUENCE  "D_PROJECT"."SEC_ID"  MINVALUE 1 MAXVALUE 9999999999999999999999999999 INCREMENT BY 1 START WITH 130020 CACHE 20 NOORDER  NOCYCLE ;
--------------------------------------------------------
--  DDL for Table AUTHOR_BOOK
--------------------------------------------------------

  CREATE TABLE "D_PROJECT"."AUTHOR_BOOK" 
   (	"AUTHOR_NAME" VARCHAR2(20 BYTE), 
	"BOOK_ID" NUMBER(6,0)
   ) SEGMENT CREATION IMMEDIATE 
  PCTFREE 10 PCTUSED 40 INITRANS 1 MAXTRANS 255 NOCOMPRESS LOGGING
  STORAGE(INITIAL 65536 NEXT 1048576 MINEXTENTS 1 MAXEXTENTS 2147483645
  PCTINCREASE 0 FREELISTS 1 FREELIST GROUPS 1 BUFFER_POOL DEFAULT FLASH_CACHE DEFAULT CELL_FLASH_CACHE DEFAULT)
  TABLESPACE "USERS" ;
--------------------------------------------------------
--  DDL for Table BOOK
--------------------------------------------------------

  CREATE TABLE "D_PROJECT"."BOOK" 
   (	"BOOK_ID" NUMBER(12,0), 
	"TITLE" VARCHAR2(30 BYTE), 
	"AVAILABLE" NUMBER(1,0), 
	"SEC_ID" NUMBER(6,0), 
	"PUB_ID" NUMBER(6,0)
   ) SEGMENT CREATION IMMEDIATE 
  PCTFREE 10 PCTUSED 40 INITRANS 1 MAXTRANS 255 NOCOMPRESS LOGGING
  STORAGE(INITIAL 65536 NEXT 1048576 MINEXTENTS 1 MAXEXTENTS 2147483645
  PCTINCREASE 0 FREELISTS 1 FREELIST GROUPS 1 BUFFER_POOL DEFAULT FLASH_CACHE DEFAULT CELL_FLASH_CACHE DEFAULT)
  TABLESPACE "USERS" ;
--------------------------------------------------------
--  DDL for Table BORROW
--------------------------------------------------------

  CREATE TABLE "D_PROJECT"."BORROW" 
   (	"EMP_ID" NUMBER(6,0), 
	"MEM_ID" NUMBER(6,0), 
	"BOOK_ID" NUMBER(6,0), 
	"CUR_DATE" VARCHAR2(10 BYTE), 
	"EXPIRE_DATE" VARCHAR2(10 BYTE), 
	"RETURNED" NUMBER(1,0) DEFAULT 0, 
	"ID" NUMBER(6,0)
   ) SEGMENT CREATION IMMEDIATE 
  PCTFREE 10 PCTUSED 40 INITRANS 1 MAXTRANS 255 NOCOMPRESS LOGGING
  STORAGE(INITIAL 65536 NEXT 1048576 MINEXTENTS 1 MAXEXTENTS 2147483645
  PCTINCREASE 0 FREELISTS 1 FREELIST GROUPS 1 BUFFER_POOL DEFAULT FLASH_CACHE DEFAULT CELL_FLASH_CACHE DEFAULT)
  TABLESPACE "USERS" ;
--------------------------------------------------------
--  DDL for Table EMPLOYEE
--------------------------------------------------------

  CREATE TABLE "D_PROJECT"."EMPLOYEE" 
   (	"EMP_ID" NUMBER(6,0), 
	"NAME" VARCHAR2(70 BYTE), 
	"ISADMIN" NUMBER(1,0), 
	"ADDRESS" VARCHAR2(20 BYTE), 
	"EMAIL" VARCHAR2(20 BYTE), 
	"SALARY" NUMBER(4,0), 
	"PASSWORD" VARCHAR2(150 BYTE)
   ) SEGMENT CREATION IMMEDIATE 
  PCTFREE 10 PCTUSED 40 INITRANS 1 MAXTRANS 255 NOCOMPRESS LOGGING
  STORAGE(INITIAL 65536 NEXT 1048576 MINEXTENTS 1 MAXEXTENTS 2147483645
  PCTINCREASE 0 FREELISTS 1 FREELIST GROUPS 1 BUFFER_POOL DEFAULT FLASH_CACHE DEFAULT CELL_FLASH_CACHE DEFAULT)
  TABLESPACE "USERS" ;
--------------------------------------------------------
--  DDL for Table MEMBER
--------------------------------------------------------

  CREATE TABLE "D_PROJECT"."MEMBER" 
   (	"MEM_ID" NUMBER(6,0), 
	"NAME" VARCHAR2(80 BYTE), 
	"EMAIL" VARCHAR2(50 BYTE), 
	"ADDRESS" VARCHAR2(80 BYTE), 
	"EXPIRE_DATE" VARCHAR2(30 BYTE)
   ) SEGMENT CREATION IMMEDIATE 
  PCTFREE 10 PCTUSED 40 INITRANS 1 MAXTRANS 255 NOCOMPRESS LOGGING
  STORAGE(INITIAL 65536 NEXT 1048576 MINEXTENTS 1 MAXEXTENTS 2147483645
  PCTINCREASE 0 FREELISTS 1 FREELIST GROUPS 1 BUFFER_POOL DEFAULT FLASH_CACHE DEFAULT CELL_FLASH_CACHE DEFAULT)
  TABLESPACE "USERS" ;
--------------------------------------------------------
--  DDL for Table PHONE_NUMBER
--------------------------------------------------------

  CREATE TABLE "D_PROJECT"."PHONE_NUMBER" 
   (	"MEM_ID" NUMBER(6,0), 
	"PHONE" VARCHAR2(20 BYTE)
   ) SEGMENT CREATION IMMEDIATE 
  PCTFREE 10 PCTUSED 40 INITRANS 1 MAXTRANS 255 NOCOMPRESS LOGGING
  STORAGE(INITIAL 65536 NEXT 1048576 MINEXTENTS 1 MAXEXTENTS 2147483645
  PCTINCREASE 0 FREELISTS 1 FREELIST GROUPS 1 BUFFER_POOL DEFAULT FLASH_CACHE DEFAULT CELL_FLASH_CACHE DEFAULT)
  TABLESPACE "USERS" ;
--------------------------------------------------------
--  DDL for Table PUBLISHER
--------------------------------------------------------

  CREATE TABLE "D_PROJECT"."PUBLISHER" 
   (	"PUB_ID" NUMBER(6,0), 
	"NAME" VARCHAR2(12 BYTE), 
	"ADDRESS" VARCHAR2(20 BYTE)
   ) SEGMENT CREATION IMMEDIATE 
  PCTFREE 10 PCTUSED 40 INITRANS 1 MAXTRANS 255 NOCOMPRESS LOGGING
  STORAGE(INITIAL 65536 NEXT 1048576 MINEXTENTS 1 MAXEXTENTS 2147483645
  PCTINCREASE 0 FREELISTS 1 FREELIST GROUPS 1 BUFFER_POOL DEFAULT FLASH_CACHE DEFAULT CELL_FLASH_CACHE DEFAULT)
  TABLESPACE "USERS" ;
--------------------------------------------------------
--  DDL for Table REG_BOOK
--------------------------------------------------------

  CREATE TABLE "D_PROJECT"."REG_BOOK" 
   (	"EMP_ID" NUMBER(6,0), 
	"BOOK_ID" NUMBER(6,0), 
	"CUR_DATE" VARCHAR2(10 BYTE)
   ) SEGMENT CREATION IMMEDIATE 
  PCTFREE 10 PCTUSED 40 INITRANS 1 MAXTRANS 255 NOCOMPRESS LOGGING
  STORAGE(INITIAL 65536 NEXT 1048576 MINEXTENTS 1 MAXEXTENTS 2147483645
  PCTINCREASE 0 FREELISTS 1 FREELIST GROUPS 1 BUFFER_POOL DEFAULT FLASH_CACHE DEFAULT CELL_FLASH_CACHE DEFAULT)
  TABLESPACE "USERS" ;
--------------------------------------------------------
--  DDL for Table REG_MEMBER
--------------------------------------------------------

  CREATE TABLE "D_PROJECT"."REG_MEMBER" 
   (	"EMP_ID" NUMBER(6,0), 
	"MEM_ID" NUMBER(6,0), 
	"CUR_DATE" VARCHAR2(10 BYTE), 
	"EXPIRE_DATE" VARCHAR2(10 BYTE)
   ) SEGMENT CREATION IMMEDIATE 
  PCTFREE 10 PCTUSED 40 INITRANS 1 MAXTRANS 255 NOCOMPRESS LOGGING
  STORAGE(INITIAL 65536 NEXT 1048576 MINEXTENTS 1 MAXEXTENTS 2147483645
  PCTINCREASE 0 FREELISTS 1 FREELIST GROUPS 1 BUFFER_POOL DEFAULT FLASH_CACHE DEFAULT CELL_FLASH_CACHE DEFAULT)
  TABLESPACE "USERS" ;
--------------------------------------------------------
--  DDL for Table SECTION
--------------------------------------------------------

  CREATE TABLE "D_PROJECT"."SECTION" 
   (	"SEC_ID" NUMBER(6,0), 
	"NAME" VARCHAR2(20 BYTE)
   ) SEGMENT CREATION IMMEDIATE 
  PCTFREE 10 PCTUSED 40 INITRANS 1 MAXTRANS 255 NOCOMPRESS LOGGING
  STORAGE(INITIAL 65536 NEXT 1048576 MINEXTENTS 1 MAXEXTENTS 2147483645
  PCTINCREASE 0 FREELISTS 1 FREELIST GROUPS 1 BUFFER_POOL DEFAULT FLASH_CACHE DEFAULT CELL_FLASH_CACHE DEFAULT)
  TABLESPACE "USERS" ;
--------------------------------------------------------
--  DDL for View EMP_BOOKS
--------------------------------------------------------

  CREATE OR REPLACE FORCE VIEW "D_PROJECT"."EMP_BOOKS" ("BOOK_ID", "TITLE", "AVAILABLE", "SEC_NAME", "PUB_NAME", "EMP_NAME", "REG_DATE") AS 
  SELECT distinct B.BOOK_ID, B.TITLE, B.AVAILABLE, S.NAME SEC_NAME, P.NAME PUB_NAME,
    E.NAME EMP_NAME , R.CUR_DATE reg_date
        FROM ((((BOOK B 
                      LEFT JOIN SECTION S ON B.SEC_ID = S.SEC_ID)
                        LEFT JOIN PUBLISHER P ON B.PUB_ID = P.PUB_ID)
                          LEFT JOIN REG_BOOK R ON B.BOOK_ID=R.BOOK_ID)
                            LEFT JOIN EMPLOYEE E ON E.EMP_ID=R.EMP_ID);
--------------------------------------------------------
--  DDL for View MEMBER_BOOKS
--------------------------------------------------------

  CREATE OR REPLACE FORCE VIEW "D_PROJECT"."MEMBER_BOOKS" ("BORROW_ID", "MEM_ID", "BOOK_ID", "TITLE", "CUR_DATE", "EXPIRE_DATE", "RETURNED") AS 
  select id,mem_id, book_id, title,cur_date, expire_date, returned from BOOK NATURAL join BORROW;
--------------------------------------------------------
--  DDL for View MEM_EMP
--------------------------------------------------------

  CREATE OR REPLACE FORCE VIEW "D_PROJECT"."MEM_EMP" ("MEM_ID", "MEM_NAME", "ADDRESS", "EMAIL", "EXPIRE_DATE", "EMP_NAME") AS 
  SELECT MEMBER.MEM_ID,MEMBER.NAME MEM_NAME,MEMBER.ADDRESS,MEMBER.EMAIL,MEMBER.EXPIRE_DATE ,EMPLOYEE.NAME EMP_NAME
    FROM (MEMBER LEFT JOIN REG_MEMBER ON MEMBER.MEM_ID=REG_MEMBER.MEM_ID) LEFT JOIN EMPLOYEE ON REG_MEMBER.EMP_ID=EMPLOYEE.EMP_ID;
REM INSERTING into D_PROJECT.AUTHOR_BOOK
SET DEFINE OFF;
Insert into D_PROJECT.AUTHOR_BOOK (AUTHOR_NAME,BOOK_ID) values ('Khalil',140000);
Insert into D_PROJECT.AUTHOR_BOOK (AUTHOR_NAME,BOOK_ID) values ('Sami',140000);
Insert into D_PROJECT.AUTHOR_BOOK (AUTHOR_NAME,BOOK_ID) values ('Ahmed',140001);
Insert into D_PROJECT.AUTHOR_BOOK (AUTHOR_NAME,BOOK_ID) values ('Rami',140001);
Insert into D_PROJECT.AUTHOR_BOOK (AUTHOR_NAME,BOOK_ID) values ('Khaled',140002);
Insert into D_PROJECT.AUTHOR_BOOK (AUTHOR_NAME,BOOK_ID) values ('Sami',140002);
REM INSERTING into D_PROJECT.BOOK
SET DEFINE OFF;
Insert into D_PROJECT.BOOK (BOOK_ID,TITLE,AVAILABLE,SEC_ID,PUB_ID) values (140002,'History Book3',1,130003,120001);
Insert into D_PROJECT.BOOK (BOOK_ID,TITLE,AVAILABLE,SEC_ID,PUB_ID) values (140000,'History Book',0,130001,120000);
Insert into D_PROJECT.BOOK (BOOK_ID,TITLE,AVAILABLE,SEC_ID,PUB_ID) values (140001,'History Book2',1,130003,120001);
REM INSERTING into D_PROJECT.BORROW
SET DEFINE OFF;
Insert into D_PROJECT.BORROW (EMP_ID,MEM_ID,BOOK_ID,CUR_DATE,EXPIRE_DATE,RETURNED,ID) values (100000,110001,140001,'2016-12-13','2016-12-15',1,150002);
Insert into D_PROJECT.BORROW (EMP_ID,MEM_ID,BOOK_ID,CUR_DATE,EXPIRE_DATE,RETURNED,ID) values (100000,110001,140002,'2016-12-13','2016-12-15',1,150004);
Insert into D_PROJECT.BORROW (EMP_ID,MEM_ID,BOOK_ID,CUR_DATE,EXPIRE_DATE,RETURNED,ID) values (100000,110000,140002,'2016-12-13','2016-12-15',1,150006);
Insert into D_PROJECT.BORROW (EMP_ID,MEM_ID,BOOK_ID,CUR_DATE,EXPIRE_DATE,RETURNED,ID) values (100002,110004,140000,'2016-12-13','2016-12-14',0,150008);
Insert into D_PROJECT.BORROW (EMP_ID,MEM_ID,BOOK_ID,CUR_DATE,EXPIRE_DATE,RETURNED,ID) values (100000,110000,140000,'2016-12-13','2016-12-15',0,150010);
Insert into D_PROJECT.BORROW (EMP_ID,MEM_ID,BOOK_ID,CUR_DATE,EXPIRE_DATE,RETURNED,ID) values (100000,110000,140000,'2016-12-13','2016-12-15',1,150000);
REM INSERTING into D_PROJECT.EMPLOYEE
SET DEFINE OFF;
Insert into D_PROJECT.EMPLOYEE (EMP_ID,NAME,ISADMIN,ADDRESS,EMAIL,SALARY,PASSWORD) values (100001,'Rami',0,'ramallah','rami@hotmail.com',2500,'e10adc3949ba59abbe56e057f20f883e');
Insert into D_PROJECT.EMPLOYEE (EMP_ID,NAME,ISADMIN,ADDRESS,EMAIL,SALARY,PASSWORD) values (100000,'AbdelRahman',1,'Gaza','abed.ha15@gmail.com',9689,'202cb962ac59075b964b07152d234b70');
Insert into D_PROJECT.EMPLOYEE (EMP_ID,NAME,ISADMIN,ADDRESS,EMAIL,SALARY,PASSWORD) values (100002,'Khalil',0,'Rafah','kalil@hotmail.com',6000,'e10adc3949ba59abbe56e057f20f883e');
REM INSERTING into D_PROJECT.MEMBER
SET DEFINE OFF;
Insert into D_PROJECT.MEMBER (MEM_ID,NAME,EMAIL,ADDRESS,EXPIRE_DATE) values (110002,'Sami','sami@hotmail.com','jabalia','2017-03-13');
Insert into D_PROJECT.MEMBER (MEM_ID,NAME,EMAIL,ADDRESS,EXPIRE_DATE) values (110000,'Ammar','ammar@hotmail.com','Remal','2016-12-19');
Insert into D_PROJECT.MEMBER (MEM_ID,NAME,EMAIL,ADDRESS,EXPIRE_DATE) values (110001,'Mohammed','mohammed@hotmail.com','Rafah','2017-12-12');
Insert into D_PROJECT.MEMBER (MEM_ID,NAME,EMAIL,ADDRESS,EXPIRE_DATE) values (110003,'Khaled','khaled@hotmail.com','Rafah','2017-02-21');
Insert into D_PROJECT.MEMBER (MEM_ID,NAME,EMAIL,ADDRESS,EXPIRE_DATE) values (110004,'Ahmed','ahmed@hotmail.com','gaza','2016-12-29');
REM INSERTING into D_PROJECT.PHONE_NUMBER
SET DEFINE OFF;
Insert into D_PROJECT.PHONE_NUMBER (MEM_ID,PHONE) values (110000,'0597868525');
Insert into D_PROJECT.PHONE_NUMBER (MEM_ID,PHONE) values (110001,'0592338525');
Insert into D_PROJECT.PHONE_NUMBER (MEM_ID,PHONE) values (110002,'0597852465');
Insert into D_PROJECT.PHONE_NUMBER (MEM_ID,PHONE) values (110003,'05978525456');
Insert into D_PROJECT.PHONE_NUMBER (MEM_ID,PHONE) values (110004,'05978244213');
REM INSERTING into D_PROJECT.PUBLISHER
SET DEFINE OFF;
Insert into D_PROJECT.PUBLISHER (PUB_ID,NAME,ADDRESS) values (120000,'Al-Jazeera','Ramallah');
Insert into D_PROJECT.PUBLISHER (PUB_ID,NAME,ADDRESS) values (120001,'Al-Nahda','Gaza');
Insert into D_PROJECT.PUBLISHER (PUB_ID,NAME,ADDRESS) values (120002,'Dar-AlNasher','Ramallah');
REM INSERTING into D_PROJECT.REG_BOOK
SET DEFINE OFF;
Insert into D_PROJECT.REG_BOOK (EMP_ID,BOOK_ID,CUR_DATE) values (100000,140000,'2016-12-13');
Insert into D_PROJECT.REG_BOOK (EMP_ID,BOOK_ID,CUR_DATE) values (100000,140001,'2016-12-13');
Insert into D_PROJECT.REG_BOOK (EMP_ID,BOOK_ID,CUR_DATE) values (100000,140002,'2016-12-13');
REM INSERTING into D_PROJECT.REG_MEMBER
SET DEFINE OFF;
Insert into D_PROJECT.REG_MEMBER (EMP_ID,MEM_ID,CUR_DATE,EXPIRE_DATE) values (100000,110000,'2016-12-13','2017-12-12');
Insert into D_PROJECT.REG_MEMBER (EMP_ID,MEM_ID,CUR_DATE,EXPIRE_DATE) values (100000,110001,'2016-12-13','2017-12-12');
Insert into D_PROJECT.REG_MEMBER (EMP_ID,MEM_ID,CUR_DATE,EXPIRE_DATE) values (100000,110002,'2016-12-13','2017-03-13');
Insert into D_PROJECT.REG_MEMBER (EMP_ID,MEM_ID,CUR_DATE,EXPIRE_DATE) values (100000,110003,'2016-12-13','2017-02-21');
Insert into D_PROJECT.REG_MEMBER (EMP_ID,MEM_ID,CUR_DATE,EXPIRE_DATE) values (100002,110004,'2016-12-13','2016-12-13');
REM INSERTING into D_PROJECT.SECTION
SET DEFINE OFF;
Insert into D_PROJECT.SECTION (SEC_ID,NAME) values (130000,'Sci-Fi');
Insert into D_PROJECT.SECTION (SEC_ID,NAME) values (130001,'History');
Insert into D_PROJECT.SECTION (SEC_ID,NAME) values (130003,'Religion');
Insert into D_PROJECT.SECTION (SEC_ID,NAME) values (130004,'Politics');
Insert into D_PROJECT.SECTION (SEC_ID,NAME) values (130005,'Biology');
--------------------------------------------------------
--  DDL for Index SYS_C007303
--------------------------------------------------------

  CREATE UNIQUE INDEX "D_PROJECT"."SYS_C007303" ON "D_PROJECT"."MEMBER" ("MEM_ID") 
  PCTFREE 10 INITRANS 2 MAXTRANS 255 COMPUTE STATISTICS 
  STORAGE(INITIAL 65536 NEXT 1048576 MINEXTENTS 1 MAXEXTENTS 2147483645
  PCTINCREASE 0 FREELISTS 1 FREELIST GROUPS 1 BUFFER_POOL DEFAULT FLASH_CACHE DEFAULT CELL_FLASH_CACHE DEFAULT)
  TABLESPACE "USERS" ;
--------------------------------------------------------
--  DDL for Index SYS_C007304
--------------------------------------------------------

  CREATE UNIQUE INDEX "D_PROJECT"."SYS_C007304" ON "D_PROJECT"."PHONE_NUMBER" ("MEM_ID", "PHONE") 
  PCTFREE 10 INITRANS 2 MAXTRANS 255 COMPUTE STATISTICS 
  STORAGE(INITIAL 65536 NEXT 1048576 MINEXTENTS 1 MAXEXTENTS 2147483645
  PCTINCREASE 0 FREELISTS 1 FREELIST GROUPS 1 BUFFER_POOL DEFAULT FLASH_CACHE DEFAULT CELL_FLASH_CACHE DEFAULT)
  TABLESPACE "USERS" ;
--------------------------------------------------------
--  DDL for Index SYS_C007302
--------------------------------------------------------

  CREATE UNIQUE INDEX "D_PROJECT"."SYS_C007302" ON "D_PROJECT"."EMPLOYEE" ("EMP_ID") 
  PCTFREE 10 INITRANS 2 MAXTRANS 255 COMPUTE STATISTICS 
  STORAGE(INITIAL 65536 NEXT 1048576 MINEXTENTS 1 MAXEXTENTS 2147483645
  PCTINCREASE 0 FREELISTS 1 FREELIST GROUPS 1 BUFFER_POOL DEFAULT FLASH_CACHE DEFAULT CELL_FLASH_CACHE DEFAULT)
  TABLESPACE "USERS" ;
--------------------------------------------------------
--  DDL for Index SYS_C007307
--------------------------------------------------------

  CREATE UNIQUE INDEX "D_PROJECT"."SYS_C007307" ON "D_PROJECT"."BOOK" ("BOOK_ID") 
  PCTFREE 10 INITRANS 2 MAXTRANS 255 COMPUTE STATISTICS 
  STORAGE(INITIAL 65536 NEXT 1048576 MINEXTENTS 1 MAXEXTENTS 2147483645
  PCTINCREASE 0 FREELISTS 1 FREELIST GROUPS 1 BUFFER_POOL DEFAULT FLASH_CACHE DEFAULT CELL_FLASH_CACHE DEFAULT)
  TABLESPACE "USERS" ;
--------------------------------------------------------
--  DDL for Index SYS_C007305
--------------------------------------------------------

  CREATE UNIQUE INDEX "D_PROJECT"."SYS_C007305" ON "D_PROJECT"."PUBLISHER" ("PUB_ID") 
  PCTFREE 10 INITRANS 2 MAXTRANS 255 COMPUTE STATISTICS 
  STORAGE(INITIAL 65536 NEXT 1048576 MINEXTENTS 1 MAXEXTENTS 2147483645
  PCTINCREASE 0 FREELISTS 1 FREELIST GROUPS 1 BUFFER_POOL DEFAULT FLASH_CACHE DEFAULT CELL_FLASH_CACHE DEFAULT)
  TABLESPACE "USERS" ;
--------------------------------------------------------
--  DDL for Index PK_BORROW
--------------------------------------------------------

  CREATE UNIQUE INDEX "D_PROJECT"."PK_BORROW" ON "D_PROJECT"."BORROW" ("ID") 
  PCTFREE 10 INITRANS 2 MAXTRANS 255 COMPUTE STATISTICS 
  STORAGE(INITIAL 65536 NEXT 1048576 MINEXTENTS 1 MAXEXTENTS 2147483645
  PCTINCREASE 0 FREELISTS 1 FREELIST GROUPS 1 BUFFER_POOL DEFAULT FLASH_CACHE DEFAULT CELL_FLASH_CACHE DEFAULT)
  TABLESPACE "USERS" ;
--------------------------------------------------------
--  DDL for Index SYS_C007812
--------------------------------------------------------

  CREATE UNIQUE INDEX "D_PROJECT"."SYS_C007812" ON "D_PROJECT"."REG_MEMBER" ("EMP_ID", "MEM_ID", "CUR_DATE", "EXPIRE_DATE") 
  PCTFREE 10 INITRANS 2 MAXTRANS 255 COMPUTE STATISTICS 
  STORAGE(INITIAL 65536 NEXT 1048576 MINEXTENTS 1 MAXEXTENTS 2147483645
  PCTINCREASE 0 FREELISTS 1 FREELIST GROUPS 1 BUFFER_POOL DEFAULT FLASH_CACHE DEFAULT CELL_FLASH_CACHE DEFAULT)
  TABLESPACE "USERS" ;
--------------------------------------------------------
--  DDL for Index SYS_C007313
--------------------------------------------------------

  CREATE UNIQUE INDEX "D_PROJECT"."SYS_C007313" ON "D_PROJECT"."REG_BOOK" ("EMP_ID", "BOOK_ID", "CUR_DATE") 
  PCTFREE 10 INITRANS 2 MAXTRANS 255 COMPUTE STATISTICS 
  STORAGE(INITIAL 65536 NEXT 1048576 MINEXTENTS 1 MAXEXTENTS 2147483645
  PCTINCREASE 0 FREELISTS 1 FREELIST GROUPS 1 BUFFER_POOL DEFAULT FLASH_CACHE DEFAULT CELL_FLASH_CACHE DEFAULT)
  TABLESPACE "USERS" ;
--------------------------------------------------------
--  DDL for Index SYS_C007312
--------------------------------------------------------

  CREATE UNIQUE INDEX "D_PROJECT"."SYS_C007312" ON "D_PROJECT"."AUTHOR_BOOK" ("BOOK_ID", "AUTHOR_NAME") 
  PCTFREE 10 INITRANS 2 MAXTRANS 255 COMPUTE STATISTICS 
  STORAGE(INITIAL 65536 NEXT 1048576 MINEXTENTS 1 MAXEXTENTS 2147483645
  PCTINCREASE 0 FREELISTS 1 FREELIST GROUPS 1 BUFFER_POOL DEFAULT FLASH_CACHE DEFAULT CELL_FLASH_CACHE DEFAULT)
  TABLESPACE "USERS" ;
--------------------------------------------------------
--  DDL for Index SYS_C007311
--------------------------------------------------------

  CREATE UNIQUE INDEX "D_PROJECT"."SYS_C007311" ON "D_PROJECT"."SECTION" ("SEC_ID") 
  PCTFREE 10 INITRANS 2 MAXTRANS 255 COMPUTE STATISTICS 
  STORAGE(INITIAL 65536 NEXT 1048576 MINEXTENTS 1 MAXEXTENTS 2147483645
  PCTINCREASE 0 FREELISTS 1 FREELIST GROUPS 1 BUFFER_POOL DEFAULT FLASH_CACHE DEFAULT CELL_FLASH_CACHE DEFAULT)
  TABLESPACE "USERS" ;
--------------------------------------------------------
--  Constraints for Table REG_MEMBER
--------------------------------------------------------

  ALTER TABLE "D_PROJECT"."REG_MEMBER" ADD CONSTRAINT "SYS_C007812" PRIMARY KEY ("EMP_ID", "MEM_ID", "CUR_DATE", "EXPIRE_DATE")
  USING INDEX PCTFREE 10 INITRANS 2 MAXTRANS 255 COMPUTE STATISTICS 
  STORAGE(INITIAL 65536 NEXT 1048576 MINEXTENTS 1 MAXEXTENTS 2147483645
  PCTINCREASE 0 FREELISTS 1 FREELIST GROUPS 1 BUFFER_POOL DEFAULT FLASH_CACHE DEFAULT CELL_FLASH_CACHE DEFAULT)
  TABLESPACE "USERS"  ENABLE;
--------------------------------------------------------
--  Constraints for Table BOOK
--------------------------------------------------------

  ALTER TABLE "D_PROJECT"."BOOK" MODIFY ("TITLE" NOT NULL ENABLE);
  ALTER TABLE "D_PROJECT"."BOOK" ADD PRIMARY KEY ("BOOK_ID")
  USING INDEX PCTFREE 10 INITRANS 2 MAXTRANS 255 COMPUTE STATISTICS 
  STORAGE(INITIAL 65536 NEXT 1048576 MINEXTENTS 1 MAXEXTENTS 2147483645
  PCTINCREASE 0 FREELISTS 1 FREELIST GROUPS 1 BUFFER_POOL DEFAULT FLASH_CACHE DEFAULT CELL_FLASH_CACHE DEFAULT)
  TABLESPACE "USERS"  ENABLE;
--------------------------------------------------------
--  Constraints for Table PHONE_NUMBER
--------------------------------------------------------

  ALTER TABLE "D_PROJECT"."PHONE_NUMBER" ADD PRIMARY KEY ("MEM_ID", "PHONE")
  USING INDEX PCTFREE 10 INITRANS 2 MAXTRANS 255 COMPUTE STATISTICS 
  STORAGE(INITIAL 65536 NEXT 1048576 MINEXTENTS 1 MAXEXTENTS 2147483645
  PCTINCREASE 0 FREELISTS 1 FREELIST GROUPS 1 BUFFER_POOL DEFAULT FLASH_CACHE DEFAULT CELL_FLASH_CACHE DEFAULT)
  TABLESPACE "USERS"  ENABLE;
--------------------------------------------------------
--  Constraints for Table SECTION
--------------------------------------------------------

  ALTER TABLE "D_PROJECT"."SECTION" ADD PRIMARY KEY ("SEC_ID")
  USING INDEX PCTFREE 10 INITRANS 2 MAXTRANS 255 COMPUTE STATISTICS 
  STORAGE(INITIAL 65536 NEXT 1048576 MINEXTENTS 1 MAXEXTENTS 2147483645
  PCTINCREASE 0 FREELISTS 1 FREELIST GROUPS 1 BUFFER_POOL DEFAULT FLASH_CACHE DEFAULT CELL_FLASH_CACHE DEFAULT)
  TABLESPACE "USERS"  ENABLE;
--------------------------------------------------------
--  Constraints for Table BORROW
--------------------------------------------------------

  ALTER TABLE "D_PROJECT"."BORROW" MODIFY ("RETURNED" NOT NULL ENABLE);
  ALTER TABLE "D_PROJECT"."BORROW" ADD CONSTRAINT "PK_BORROW" PRIMARY KEY ("ID")
  USING INDEX PCTFREE 10 INITRANS 2 MAXTRANS 255 COMPUTE STATISTICS 
  STORAGE(INITIAL 65536 NEXT 1048576 MINEXTENTS 1 MAXEXTENTS 2147483645
  PCTINCREASE 0 FREELISTS 1 FREELIST GROUPS 1 BUFFER_POOL DEFAULT FLASH_CACHE DEFAULT CELL_FLASH_CACHE DEFAULT)
  TABLESPACE "USERS"  ENABLE;
--------------------------------------------------------
--  Constraints for Table PUBLISHER
--------------------------------------------------------

  ALTER TABLE "D_PROJECT"."PUBLISHER" ADD PRIMARY KEY ("PUB_ID")
  USING INDEX PCTFREE 10 INITRANS 2 MAXTRANS 255 COMPUTE STATISTICS 
  STORAGE(INITIAL 65536 NEXT 1048576 MINEXTENTS 1 MAXEXTENTS 2147483645
  PCTINCREASE 0 FREELISTS 1 FREELIST GROUPS 1 BUFFER_POOL DEFAULT FLASH_CACHE DEFAULT CELL_FLASH_CACHE DEFAULT)
  TABLESPACE "USERS"  ENABLE;
--------------------------------------------------------
--  Constraints for Table AUTHOR_BOOK
--------------------------------------------------------

  ALTER TABLE "D_PROJECT"."AUTHOR_BOOK" ADD PRIMARY KEY ("BOOK_ID", "AUTHOR_NAME")
  USING INDEX PCTFREE 10 INITRANS 2 MAXTRANS 255 COMPUTE STATISTICS 
  STORAGE(INITIAL 65536 NEXT 1048576 MINEXTENTS 1 MAXEXTENTS 2147483645
  PCTINCREASE 0 FREELISTS 1 FREELIST GROUPS 1 BUFFER_POOL DEFAULT FLASH_CACHE DEFAULT CELL_FLASH_CACHE DEFAULT)
  TABLESPACE "USERS"  ENABLE;
--------------------------------------------------------
--  Constraints for Table REG_BOOK
--------------------------------------------------------

  ALTER TABLE "D_PROJECT"."REG_BOOK" ADD PRIMARY KEY ("EMP_ID", "BOOK_ID", "CUR_DATE")
  USING INDEX PCTFREE 10 INITRANS 2 MAXTRANS 255 COMPUTE STATISTICS 
  STORAGE(INITIAL 65536 NEXT 1048576 MINEXTENTS 1 MAXEXTENTS 2147483645
  PCTINCREASE 0 FREELISTS 1 FREELIST GROUPS 1 BUFFER_POOL DEFAULT FLASH_CACHE DEFAULT CELL_FLASH_CACHE DEFAULT)
  TABLESPACE "USERS"  ENABLE;
--------------------------------------------------------
--  Constraints for Table MEMBER
--------------------------------------------------------

  ALTER TABLE "D_PROJECT"."MEMBER" ADD PRIMARY KEY ("MEM_ID")
  USING INDEX PCTFREE 10 INITRANS 2 MAXTRANS 255 COMPUTE STATISTICS 
  STORAGE(INITIAL 65536 NEXT 1048576 MINEXTENTS 1 MAXEXTENTS 2147483645
  PCTINCREASE 0 FREELISTS 1 FREELIST GROUPS 1 BUFFER_POOL DEFAULT FLASH_CACHE DEFAULT CELL_FLASH_CACHE DEFAULT)
  TABLESPACE "USERS"  ENABLE;
--------------------------------------------------------
--  Constraints for Table EMPLOYEE
--------------------------------------------------------

  ALTER TABLE "D_PROJECT"."EMPLOYEE" ADD PRIMARY KEY ("EMP_ID")
  USING INDEX PCTFREE 10 INITRANS 2 MAXTRANS 255 COMPUTE STATISTICS 
  STORAGE(INITIAL 65536 NEXT 1048576 MINEXTENTS 1 MAXEXTENTS 2147483645
  PCTINCREASE 0 FREELISTS 1 FREELIST GROUPS 1 BUFFER_POOL DEFAULT FLASH_CACHE DEFAULT CELL_FLASH_CACHE DEFAULT)
  TABLESPACE "USERS"  ENABLE;
--------------------------------------------------------
--  Ref Constraints for Table AUTHOR_BOOK
--------------------------------------------------------

  ALTER TABLE "D_PROJECT"."AUTHOR_BOOK" ADD FOREIGN KEY ("BOOK_ID")
	  REFERENCES "D_PROJECT"."BOOK" ("BOOK_ID") ON DELETE SET NULL ENABLE;
--------------------------------------------------------
--  Ref Constraints for Table BOOK
--------------------------------------------------------

  ALTER TABLE "D_PROJECT"."BOOK" ADD CONSTRAINT "FK_PUBBOOK" FOREIGN KEY ("PUB_ID")
	  REFERENCES "D_PROJECT"."PUBLISHER" ("PUB_ID") ENABLE;
  ALTER TABLE "D_PROJECT"."BOOK" ADD FOREIGN KEY ("SEC_ID")
	  REFERENCES "D_PROJECT"."SECTION" ("SEC_ID") ON DELETE SET NULL ENABLE;
--------------------------------------------------------
--  Ref Constraints for Table BORROW
--------------------------------------------------------

  ALTER TABLE "D_PROJECT"."BORROW" ADD FOREIGN KEY ("BOOK_ID")
	  REFERENCES "D_PROJECT"."BOOK" ("BOOK_ID") ON DELETE SET NULL ENABLE;
  ALTER TABLE "D_PROJECT"."BORROW" ADD FOREIGN KEY ("EMP_ID")
	  REFERENCES "D_PROJECT"."EMPLOYEE" ("EMP_ID") ON DELETE SET NULL ENABLE;
  ALTER TABLE "D_PROJECT"."BORROW" ADD FOREIGN KEY ("MEM_ID")
	  REFERENCES "D_PROJECT"."MEMBER" ("MEM_ID") ON DELETE SET NULL ENABLE;
--------------------------------------------------------
--  Ref Constraints for Table PHONE_NUMBER
--------------------------------------------------------

  ALTER TABLE "D_PROJECT"."PHONE_NUMBER" ADD FOREIGN KEY ("MEM_ID")
	  REFERENCES "D_PROJECT"."MEMBER" ("MEM_ID") ON DELETE SET NULL ENABLE;
--------------------------------------------------------
--  Ref Constraints for Table REG_BOOK
--------------------------------------------------------

  ALTER TABLE "D_PROJECT"."REG_BOOK" ADD FOREIGN KEY ("BOOK_ID")
	  REFERENCES "D_PROJECT"."BOOK" ("BOOK_ID") ON DELETE SET NULL ENABLE;
  ALTER TABLE "D_PROJECT"."REG_BOOK" ADD FOREIGN KEY ("EMP_ID")
	  REFERENCES "D_PROJECT"."EMPLOYEE" ("EMP_ID") ON DELETE SET NULL ENABLE;
--------------------------------------------------------
--  Ref Constraints for Table REG_MEMBER
--------------------------------------------------------

  ALTER TABLE "D_PROJECT"."REG_MEMBER" ADD FOREIGN KEY ("EMP_ID")
	  REFERENCES "D_PROJECT"."EMPLOYEE" ("EMP_ID") ON DELETE SET NULL ENABLE;
  ALTER TABLE "D_PROJECT"."REG_MEMBER" ADD FOREIGN KEY ("MEM_ID")
	  REFERENCES "D_PROJECT"."MEMBER" ("MEM_ID") ON DELETE SET NULL ENABLE;
--------------------------------------------------------
--  DDL for Procedure ADD_AUTHOR
--------------------------------------------------------
set define off;

  CREATE OR REPLACE PROCEDURE "D_PROJECT"."ADD_AUTHOR" (name in varchar2) is 
b_id number(6);
begin 
SELECT  BOOK_ID.CURRVAL into b_id FROM dual;
insert into Author_Book VALUES(name , b_id);
end;

/
--------------------------------------------------------
--  DDL for Procedure ADDBOOK
--------------------------------------------------------
set define off;

  CREATE OR REPLACE PROCEDURE "D_PROJECT"."ADDBOOK" (title in varchar2 , available in number , sec_id in number ,
Pub_id in number ,Author_name in varchar2 , Emp_id in number , b_id out number    ) is

begin
insert into BOOK VALUES(book_id.NEXTVAL , title ,available , sec_id ,Pub_id);
select book_id.CURRVAL into b_id from dual ;
insert into Author_Book VALUES (Author_name ,book_id.CURRVAL );
insert into Reg_Book VALUES(Emp_id ,book_id.CURRVAL ,TO_CHAR(SYSDATE, 'YYYY-MM-DD') );

end;

/
--------------------------------------------------------
--  DDL for Procedure ADD_EMP
--------------------------------------------------------
set define off;

  CREATE OR REPLACE PROCEDURE "D_PROJECT"."ADD_EMP" 
(name in varchar , isAdmin in varchar , address in varchar , email in varchar, salary in number,e_id out number,pass in varchar2) is

begin 
insert into EMPLOYEE VALUES (emp_id.NEXTVAL ,name , isAdmin ,address , email, salary ,pass);
select emp_id.currval into e_id from dual;
end;

/
--------------------------------------------------------
--  DDL for Procedure ADDMEMBER
--------------------------------------------------------
set define off;

  CREATE OR REPLACE PROCEDURE "D_PROJECT"."ADDMEMBER" (name in varchar2 , email in varchar2 , phone in varchar2 ,
 Emp_id in number , address in varchar2 , expire_date in varchar2 , member_id out number  ) is

begin
insert into MEMBER VALUES(Mem_id.NEXTVAL , name , email , address ,expire_date  );
select Mem_id.CURRVAL into member_id from dual;
insert into Phone_number VALUES (Mem_id.CURRVAL ,phone );
insert into Reg_Member VALUES (Emp_id ,Mem_id.CURRVAL ,TO_CHAR(SYSDATE, 'YYYY-MM-DD') , expire_date  );

end;

/
--------------------------------------------------------
--  DDL for Procedure ADD_PUBLISHER
--------------------------------------------------------
set define off;

  CREATE OR REPLACE PROCEDURE "D_PROJECT"."ADD_PUBLISHER" (name varchar2 , address varchar2,publisher_id out number) is

begin 
INSERT into PUBLISHER VALUES(PUB_ID.NEXTVAL , name , address);
select PUB_ID.currval into publisher_id from dual;
end;

/
--------------------------------------------------------
--  DDL for Procedure ADD_SECTION
--------------------------------------------------------
set define off;

  CREATE OR REPLACE PROCEDURE "D_PROJECT"."ADD_SECTION" (name in VARCHAR2,section_id out number) is
begin
insert into section values(sec_id.NEXTVAL  , name);
select sec_id.currval into section_id from dual;
end;

/
--------------------------------------------------------
--  DDL for Procedure BORROW_BOOK
--------------------------------------------------------
set define off;

  CREATE OR REPLACE PROCEDURE "D_PROJECT"."BORROW_BOOK" (emp_id in number , mem_id in number , bookid in number , expire_date in varchar2, borrowID out number) is
begin 
insert into borrow values(emp_id ,mem_id ,bookid ,TO_CHAR(SYSDATE, 'YYYY-MM-DD') ,  expire_date, 0,BORROW_ID.nextval);
update BOOK set AVAILABLE=0 where BOOK_ID= bookid;
select BORROW_ID.nextval into borrowId from dual;
end;

/
--------------------------------------------------------
--  DDL for Procedure RETURN_BOOK
--------------------------------------------------------
set define off;

  CREATE OR REPLACE PROCEDURE "D_PROJECT"."RETURN_BOOK" (bookID number, BORR_ID number) IS
begin
update BORROW set returned=1 where ID=BORR_ID;
update BOOK set AVAILABLE=1 where BOOK_ID=bookID;
end;

/
